Symbol,Name,Last Sale,Net Change,% Change,Market Cap,Country,IPO Year,Volume,Sector,Industry
AAMC,Altisource Asset Management Corp Com,$2.17,-0.135,-5.857%,5543291.00,United States,,10542,Finance,Real Estate
ACU,Acme United Corporation. Common Stock,$33.78,0.08,0.237%,123698306.00,United States,1988,38847,Consumer Discretionary,Industrial Machinery/Components
ADRT,Ault Disruptive Technologies Corporation Common Stock,$19.35,-1.66,-7.901%,278156250.00,,2022,18680,Finance,Blank Checks
AE,Adams Resources & Energy Inc. Common Stock,$25.45,-0.15,-0.586%,65332797.00,United States,1980,1713,Energy,Oil Refining/Marketing
AEF,abrdn Emerging Markets Equity Income Fund Inc. Common Stock,$5.28,-0.01,-0.189%,566874000.00,United States,,28370,Finance,Finance/Investors Services
AEON,AEON Biopharma Inc. Class A Common Stock,$1.55,0.16,11.511%,60639469.00,United States,,63037,Health Care,Biotechnology: Pharmaceutical Preparations
AIM,AIM ImmunoTech Inc. Common Stock,$0.4251,-0.0239,-5.323%,21799739.00,United States,1997,188222,Health Care,Biotechnology: Biological Products (No Diagnostic Substances)
AINC,Ashford Inc. (Holding Company) Common Stock,$4.86,-0.02,-0.41%,16672230.00,United States,2014,11036,Consumer Discretionary,Professional Services
AIRI,Air Industries Group Common Stock,$3.16,-0.17,-5.105%,10506321.00,United States,,21636,Industrials,Military/Government/Technical
AMBI,Ambipar Emergency Response Class A Ordinary Shares,$4.04,0.05,1.253%,223936598.00,,,1268,Industrials,Environmental Services
AMBO,Ambow Education Holding Ltd. American Depository Shares (each representing twenty (20) Class A Ordinary Shares),$1.30,0.00,0.00%,3713289.00,China,,273,Real Estate,Other Consumer Services
AMS,American Shared Hospital Services Common Stock,$3.24,0.0799,2.528%,20509200.00,United States,1988,3139,Health Care,Medical Specialities
APT,Alpha Pro Tech Ltd. Common Stock,$5.34,0.44,8.98%,62417658.00,Canada,2000,219021,,
AREN,The Arena Group Holdings Inc. Common Stock,$0.9016,0.0416,4.837%,26687300.00,United States,2022,6853,Technology,EDP Services
ARMN,Aris Mining Corporation Common Shares,$3.84,0.01,0.261%,584278153.00,,2023,358613,,
ARMP,Armata Pharmaceuticals Inc. Common Stock,$2.85,0.15,5.556%,103040658.00,United States,,4073,Health Care,Biotechnology: Biological Products (No Diagnostic Substances)
ASM,Avino Silver & Gold Mines Ltd. Common Shares (Canada),$0.87,-0.017,-1.917%,115769338.00,Canada,,921903,Basic Materials,Metal Mining
ASXC,Asensus Surgical Inc. Common Stock,$0.3322,0.0022,0.667%,90468582.00,United States,,1845707,Health Care,Medical/Dental Instruments
ATCH,AtlasClear Holdings Inc. Common Stock,$1.13,0.00,0.00%,14074327.00,,2024,7140,Finance,Finance: Consumer Services
ATEK,Athena Technology Acquisition Corp. II Class A Common Stock,$11.25,-0.05,-0.442%,0.00,,2022,2370,Finance,Blank Checks
ATNM,Actinium Pharmaceuticals Inc. (Delaware) Common Stock,$7.93,0.11,1.407%,236182766.00,United States,,242377,Health Care,Biotechnology: Pharmaceutical Preparations
AULT,Ault Alliance Inc. Common Stock,$0.2765,-0.0234,-7.803%,8313066.00,United States,1997,1453504,Technology,Industrial Machinery/Components
AULT^D,Ault Alliance Inc. 13.00% Series D Cumulative Redeemable Perpetual Preferred Stock,$25.31,-0.71,-2.729%,,United States,,830,,
AUMN,Golden Minerals Company Common Stock,$0.429,-0.031,-6.739%,6253183.00,United States,,29859,Basic Materials,Precious Metals
AUST,Austin Gold Corp. Common Shares,$0.7905,-0.0628,-7.36%,10491318.00,,2022,25838,Basic Materials,Precious Metals
AWX,Avalon Holdings Corporation Common Stock,$2.3501,0.00,0.00%,9164053.00,United States,1998,246,Utilities,Environmental Services
AXIL,AXIL Brands Inc. Common Stock,$10.67,-0.71,-6.239%,62728279.00,,2024,5560,Consumer Discretionary,Package Goods/Cosmetics
AZTR,Azitra Inc Common Stock,$0.2337,0.0844,56.53%,6731645.00,,2023,27624434,Health Care,Biotechnology: Pharmaceutical Preparations
BACA,Berenson Acquisition Corp. I Class A Common Stock,$10.62,-0.01,-0.094%,0.00,,2021,217,Finance,Blank Checks
BATL,Battalion Oil Corporation Common Stock,$4.49,-0.03,-0.664%,73889968.00,United States,,6112,Energy,Oil & Gas Production
BCV,Bancroft Fund Ltd.,$15.39,-0.08,-0.517%,0.00,United States,1972,10059,Finance,Finance/Investors Services
BCV^A,Bancroft Fund Limited 5.375% Series A Cumulative Preferred Shares,$22.84,0.153,0.674%,,United States,,11841,,
BDL,Flanigan's Enterprises Inc. Common Stock,$26.0699,0.5699,2.235%,48454741.00,United States,1972,3126,Consumer Discretionary,Restaurants
BEEP,Mobile Infrastructure Corporation Common Stock,$3.53,-0.03,-0.843%,0.00,,2023,67776,Finance,Blank Checks
BGI,Birks Group Inc. Common Stock,$2.5699,0.0098,0.383%,28191803.00,Canada,,8292,Consumer Discretionary,Consumer Specialties
BHB,Bar Harbor Bankshares Inc. Common Stock,$25.67,0.38,1.503%,391016350.00,United States,1997,14980,Finance,Major Banks
BHM,Bluerock Homes Trust Inc. Class A Common Stock,$17.37,-0.27,-1.531%,68754577.00,,2022,2701,Real Estate,Real Estate Investment Trusts
BITE,Bite Acquisition Corp. Common Stock,$9.38,0.74,8.565%,0.00,,2021,6176,Finance,Blank Checks
BKTI,BK Technologies Corporation Common Stock,$13.66,0.10,0.737%,48215866.00,United States,,13689,Technology,Radio And Television Broadcasting And Communications Equipment
BLUA,BlueRiver Acquisition Corp. Class A Ordinary Shares,$11.14,0.00,0.00%,0.00,,2021,99,Finance,Blank Checks
BMTX,BM Technologies Inc. Common Stock,$2.76,-0.37,-11.821%,33265066.00,,2018,144140,Technology,EDP Services
BQ,Boqii Holding Limited American Depositary Shares representing Class A Ordinary Shares,$0.49,-0.046,-8.582%,3188997.00,,2020,1951094,Consumer Discretionary,Other Specialty Stores
BRBS,Blue Ridge Bankshares Inc. Common Stock,$2.94,-0.03,-1.01%,67568909.00,United States,,123168,Finance,Major Banks
BRN,Barnwell Industries Inc. Common Stock,$2.5089,0.0089,0.356%,25159475.00,United States,1965,5563,Energy,Oil & Gas Production
BTG,B2Gold Corp Common shares (Canada),$2.54,-0.07,-2.682%,3318745240.00,Canada,,10902821,Basic Materials,Precious Metals
BTTR,Better Choice Company Inc. Common Stock,$3.68,0.17,4.843%,3288455.00,,2021,266106,Consumer Staples,Beverages (Production/Distribution)
CANF,Can-Fite Biopharma Ltd Sponsored ADR (Israel),$3.21,-0.14,-4.179%,14550259.00,Israel,,134477,Health Care,Biotechnology: Pharmaceutical Preparations
CATX,Perspective Therapeutics Inc. Common Stock,$10.34,-0.36,-3.364%,6437984253.00,United States,,1591047,Health Care,Medical/Dental Instruments
CCEL,Cryo-Cell International Inc. Common Stock,$8.29,0.03,0.363%,67186114.00,United States,2022,11327,Health Care,Misc Health and Biotechnology Services
CEI,Camber Energy Inc. Common Stock,$0.132,-0.0104,-7.303%,23205662.00,United States,,8868975,Energy,Oil & Gas Production
CET,Central Securities Corporation Common Stock,$43.55,0.14,0.323%,10540197460.00,United States,1951,16072,Finance,Finance/Investors Services
CEV,Eaton Vance California Municipal Income Trust Shares of Beneficial Interest,$10.94,-0.01,-0.091%,76947311.00,United States,1999,12195,Finance,Investment Managers
CHAA,Catcha Investment Corp. Class A Ordinary Shares,$11.20,-0.57,-4.843%,0.00,,2021,23513,Finance,Blank Checks
CHRO,Chromocell Therapeutics Corporation Common Stock,$1.26,-0.04,-3.077%,7266047.00,,2024,3452,Health Care,Biotechnology: Biological Products (No Diagnostic Substances)
CIK,Credit Suisse Asset Management Income Fund Inc. Common Stock,$3.04,0.03,0.997%,0.00,United States,,193238,Finance,Finance/Investors Services
CIX,CompX International Inc. Common Stock,$22.00,-1.58,-6.701%,270902654.00,United States,1998,47969,Consumer Discretionary,Industrial Machinery/Components
CKX,CKX Lands Inc. Common Stock,$13.775,-0.125,-0.899%,27922366.00,United States,2003,693,Energy,Oil & Gas Production
CLDI,Calidi Biotherapeutics Inc. Common Stock,$0.195,-0.009,-4.412%,9930235.00,,2021,1199602,Health Care,Biotechnology: Biological Products (No Diagnostic Substances)
CLM,Cornerstone Strategic Value Fund Inc. New Common Stock,$7.52,0.03,0.401%,0.00,United States,2003,1488813,Finance,Finance/Investors Services
CMCL,Caledonia Mining Corporation Plc Common Shares,$10.24,0.48,4.918%,196485868.00,Canada,,71382,Basic Materials,Precious Metals
CMT,Core Molding Technologies Inc Common Stock,$16.69,0.39,2.393%,152624042.00,United States,1996,29064,Industrials,Plastic Products
CNDA,Concord Acquisition Corp II Class A Common Stock,$10.55,0.00,0.00%,0.00,,2021,324,Finance,Blank Checks
COE,51Talk Online Education Group American depositary shares each representing 60 Class A ordinary shares,$8.40,0.70,9.091%,48062028.00,China,2016,29308,Real Estate,Other Consumer Services
COHN,Cohen & Company Inc.,$9.68,0.40,4.31%,18651792.00,United States,,6439,Finance,Investment Bankers/Brokers/Service
CPHI,China Pharma Holdings Inc. Common Stock,$0.2498,-0.0081,-3.141%,3964343.00,China,,133010,Health Care,Biotechnology: Pharmaceutical Preparations
CRF,Cornerstone Total Return Fund Inc. (The) Common Stock,$7.64,0.02,0.262%,0.00,United States,2003,513911,Finance,Finance/Investors Services
CTGO,Contango ORE Inc. Common Stock,$18.83,0.07,0.373%,181364610.00,United States,2021,85378,Basic Materials,Precious Metals
CTM,Castellum Inc. Common Stock,$0.1852,0.0022,1.202%,9821140.00,,2022,157866,Consumer Discretionary,Professional Services
CVM,Cel-Sci Corporation Common Stock,$1.25,-0.05,-3.846%,67699921.00,United States,1997,207046,Health Care,Biotechnology: Biological Products (No Diagnostic Substances)
CVR,Chicago Rivet & Machine Co. Common Stock,$15.07,-0.43,-2.774%,14559609.00,United States,1930,1353,Industrials,Industrial Machinery/Components
CVU,CPI Aerostructures Inc. Common Stock,$2.30,-0.01,-0.433%,29570123.00,United States,2022,22860,Industrials,Military/Government/Technical
CYBN,Cybin Inc. Common Shares,$0.2718,-0.0174,-6.017%,206484420.00,Canada,,4205981,Health Care,Pharmaceuticals and Biotechnology
DC,Dakota Gold Corp. Common Stock,$2.38,-0.21,-8.108%,208745695.00,United States,2022,273730,Basic Materials,Metal Mining
DDC,DDC Enterprise Limited Class A Ordinary Shares,$1.02,-0.18,-15.00%,20321529.00,,2023,663864,Consumer Staples,Packaged Foods
DHY,Credit Suisse High Yield Bond Fund Common Stock,$2.06,0.00,0.00%,0.00,United States,1998,164980,Finance,Finance/Investors Services
DIT,AMCON Distributing Company Common Stock,$130.00,-7.88,-5.715%,81947060.00,United States,1999,562,Consumer Discretionary,Food Distributors
DLA,Delta Apparel Inc. Common Stock,$1.07,0.03,2.885%,7544734.00,United States,2000,8969,Consumer Staples,Apparel
DMF,BNY Mellon Municipal Income Inc. Common Stock,$6.97,0.02,0.288%,434167252.00,United States,1988,38448,Finance,Finance/Investors Services
DNN,Denison Mines Corp Ordinary Shares (Canada),$2.06,0.00,0.00%,1838052028.00,Canada,,14415116,,
DPSI,DecisionPoint Systems Inc. Common Stock,$10.19,0.02,0.197%,78269390.00,,2022,57730,Technology,Computer Software: Programming Data Processing
DSS,DSS Inc. Common Stock,$1.6096,-0.0201,-1.233%,11374676.00,United States,,17007,Consumer Discretionary,Containers/Packaging
DXF,Dunxin Financial Holdings Limited American Depositary Shares,$0.2598,0.0375,16.869%,5815566.00,China,,4726126,Finance,Finance: Consumer Services
EAD,Allspring Income Opportunities Fund Common Shares,$6.62,-0.03,-0.451%,0.00,United States,2003,149964,Finance,Finance/Investors Services
ECF,Ellsworth Growth and Income Fund Ltd.,$8.1931,0.0081,0.099%,0.00,United States,1986,34555,Finance,Finance/Investors Services
ECF^A,Ellsworth Growth and Income Fund Ltd. 5.25% Series A Cumulative Preferred Shares (Liquidation Preference $25.00 per share),$21.9501,0.0801,0.366%,,United States,,200,,
EFSH,1847 Holdings LLC Common Shares,$0.3241,-0.0329,-9.216%,1715413.00,,2022,436794,Consumer Discretionary,Professional Services
EIM,Eaton Vance Municipal Bond Fund Common Shares of Beneficial Interest $.01 par value,$10.62,0.01,0.094%,0.00,United States,2002,124800,Finance,Finance/Investors Services
ELA,Envela Corporation Common Stock,$4.64,0.06,1.31%,121922621.00,United States,,26749,Consumer Discretionary,Consumer Specialties
ELLO,Ellomay Capital Ltd Ordinary Shares (Israel),$12.71,-0.78,-5.782%,163356355.00,Israel,,1358,Utilities,Electric Utilities: Central
ELMD,Electromed Inc. Common Stock,$14.50,-0.02,-0.138%,125508042.00,United States,2011,20554,Health Care,Biotechnology: Electromedical & Electrotherapeutic Apparatus
EMX,EMX Royalty Corporation Common Shares (Canada),$1.82,0.01,0.552%,205143964.00,Canada,,350477,Basic Materials,Metal Mining
ENSV,Enservco Corporation Common Stock,$0.2215,0.0075,3.505%,6121485.00,United States,,313876,Energy,Oilfield Services/Equipment
ENX,Eaton Vance New York Municipal Bond Fund Common Shares of Beneficial Interest $.01 par value,$9.84,-0.06,-0.606%,0.00,United States,2002,6541,Finance,Finance/Investors Services
EP,Empire Petroleum Corporation Common Stock,$5.88,0.11,1.906%,178639727.00,United States,2022,38769,Energy,Oil & Gas Production
EPM,Evolution Petroleum Corporation Inc. Common Stock,$5.35,0.08,1.518%,178463331.00,United States,,236809,Energy,Oil & Gas Production
EQX,Equinox Gold Corp. Common Shares,$5.32,0.16,3.101%,2279088000.00,Canada,,3458174,Basic Materials,Precious Metals
ERC,Allspring Multi-Sector Income Fund Common Stock,$8.955,0.015,0.168%,0.00,United States,2003,65611,Finance,Finance/Investors Services
ERH,Allspring Utilities and High Income Fund Common Shares,$9.7431,-0.0869,-0.884%,0.00,,2004,21116,Finance,Finance/Investors Services
ESP,Espey Mfg. & Electronics Corp. Common Stock,$24.16,0.30,1.257%,66023530.00,United States,1960,3136,Technology,Industrial Machinery/Components
EVBN,Evans Bancorp Inc. Common Stock,$27.07,0.35,1.31%,149453714.00,United States,,18982,Finance,Major Banks
EVE,EVe Mobility Acquisition Corp Class A Ordinary Shares,$11.04,0.03,0.272%,0.00,,2022,862,Finance,Blank Checks
EVI,EVI Industries Inc.  Common Stock,$18.20,0.46,2.593%,230793417.00,United States,1999,13746,Consumer Discretionary,Other Consumer Services
EVM,Eaton Vance California Municipal Bond Fund Common Shares of Beneficial Interest $.01 par value,$9.54,-0.03,-0.313%,0.00,United States,2002,44739,Finance,Finance/Investors Services
EVV,Eaton Vance Limited Duration Income Fund Common Shares of Beneficial Interest,$9.74,-0.01,-0.103%,0.00,United States,2003,205077,Finance,Finance/Investors Services
FAX,abrdn Asia-Pacific Income Fund Inc. Common Stock,$2.70,0.04,1.504%,0.00,United States,1986,405303,Finance,Investment Managers
FCO,abrdn Global Income Fund Inc. Common Stock,$5.95,0.09,1.536%,0.00,United States,1992,53195,Finance,Investment Managers
FLYX,flyExclusive Inc. Class A Common Stock,$4.25,-0.11,-2.523%,330743589.00,,2023,13081,Consumer Discretionary,Transportation Services
FOXO,FOXO Technologies Inc. Class A Common Stock,$0.2574,-0.0316,-10.934%,2745752.00,,2022,2588966,Finance,Life Insurance
FRD,Friedman Industries Inc. Common Stock,$16.21,-0.65,-3.855%,112978756.00,United States,1975,27832,Industrials,Steel/Iron Ore
FSI,Flexible Solutions International Inc. Common Stock (CDA),$1.83,-0.14,-7.107%,22784474.00,Canada,2002,88575,Consumer Discretionary,Recreational Games/Products/Toys
FSP,Franklin Street Properties Corp. Common Stock,$1.66,0.01,0.606%,171694386.00,United States,,956869,Real Estate,Real Estate Investment Trusts
FTF,Franklin Limited Duration Income Trust Common Shares of Beneficial Interest,$6.37,0.04,0.632%,257382232.00,United States,2003,245672,Finance,Finance/Investors Services
FURY,Fury Gold Mines Limited Common Shares,$0.40,-0.022,-5.213%,58430841.00,,2020,240900,Basic Materials,Precious Metals
GAU,Galiano Gold Inc.,$1.56,0.00,0.00%,396439866.00,Canada,,979839,,
GBR,New Concept Energy Inc Common Stock,$1.45,0.03,2.113%,7441304.00,United States,1993,6085,Energy,Oil & Gas Production
GENC,Gencor Industries Inc. Common Stock,$19.25,0.51,2.721%,282160764.00,United States,,14409,Industrials,Construction/Ag Equipment/Trucks
GGN,GAMCO Global Gold Natural Resources & Income Trust,$4.00,-0.02,-0.498%,0.00,United States,2005,212551,Finance,Finance/Investors Services
GGN^B,GAMCO Global Gold Natural Reources & Income Trust 5.00% Series B Cumulative 25.00 Liquidation Preference,$21.10,-0.03,-0.142%,,United States,,10612,,
GLDG,GoldMining Inc. Common Shares,$0.9118,-0.0002,-0.022%,167625748.00,,,387667,Basic Materials,Precious Metals
GLO,Clough Global Opportunities Fund Common Stock,$5.26,0.04,0.766%,0.00,United States,2006,115316,Finance,Finance/Investors Services
GLQ,Clough Global Equity Fund Clough Global Equity Fund Common Shares of Beneficial Interest,$6.82,0.015,0.22%,0.00,United States,2005,48500,Finance,Finance/Investors Services
GLU,Gabelli Global Utility Common Shares of Beneficial Ownership,$13.66,0.03,0.22%,81535324.00,United States,2004,4409,Finance,Finance/Investors Services
GLU^B,The Gabelli Global Utility and Income Trust Series B Cumulative Puttable and Callable Preferred Shares,$50.55,0.00,0.00%,,United States,,186,,
GLV,Clough Global Dividend and Income Fund Common Shares of beneficial interest,$5.655,0.015,0.266%,71872692.00,United States,2004,22933,Finance,Finance/Investors Services
GNS,Genius Group Limited Ordinary Shares,$0.28,0.0193,7.403%,20684660.00,Singapore,2022,2944036,Consumer Discretionary,Services-Misc. Amusement & Recreation
GORO,Gold Resource Corporation Common Stock,$0.4245,-0.0206,-4.628%,38540965.00,United States,,514012,Basic Materials,Precious Metals
GRF,Eagle Capital Growth Fund Inc. Common Stock,$9.35,0.00,0.00%,0.00,United States,,143,Finance,Finance/Investors Services
GRFX,Graphex Group Limited American Depositary Shares each American Depositary Share representing 20 Ordinary Shares,$0.348,0.008,2.353%,270551521.00,,2022,18366,,
GROY,Gold Royalty Corp. Common Shares,$1.43,-0.02,-1.379%,208643747.00,Canada,2021,1823925,Basic Materials,Precious Metals
GSAT,Globalstar Inc. Common Stock,$1.03,-0.05,-4.63%,1957000000.00,United States,2006,3754491,Consumer Discretionary,Telecommunications Equipment
GTE,Gran Tierra Energy Inc. Common Stock,$9.52,-0.19,-1.957%,298282392.00,Canada,,288658,Energy,Oil & Gas Production
HNRA,HNR Acquisition Corp Class A Common Stock,$2.27,0.26,12.935%,0.00,,2022,90131,Energy,Oil & Gas Production
HNW,Pioneer Diversified High Income Fund Inc.,$11.70,0.01,0.086%,0.00,United States,2007,24775,Finance,Finance/Investors Services
HUSA,Houston American Energy Corporation Common Stock,$1.21,-0.02,-1.626%,13196687.00,United States,,286328,Energy,Oil & Gas Production
HWM^,Howmet Aerospace Inc. $3.75 Preferred Stock,$55.3057,-1.6443,-2.887%,,United States,,2285,,
IAF,abrdn Australia Equity Fund Inc. Common Stock,$4.225,-0.025,-0.588%,0.00,United States,1985,29099,Finance,Finance/Investors Services
IAUX,i-80 Gold Corp. Common Shares,$1.05,0.03,2.941%,404141561.00,Canada,2022,2842552,,
IBIO,iBio Inc. Common Stock,$2.30,-0.26,-10.156%,19834455.00,United States,,127135,Health Care,Biotechnology: Pharmaceutical Preparations
IDR,Idaho Strategic Resources Inc. Common Stock,$10.10,-0.14,-1.367%,128677656.00,,2022,55878,Basic Materials,Precious Metals
IE,Ivanhoe Electric Inc. Common Stock,$9.69,-1.00,-9.355%,1165769152.00,Canada,2022,759063,Basic Materials,Metal Mining
IGC,IGC Pharma Inc. Common Stock,$0.4135,-0.0039,-0.934%,26354191.00,United States,,104391,Health Care,Biotechnology: Pharmaceutical Preparations
IHT,InnSuites Hospitality Trust Shares of Beneficial Interest,$1.8899,0.0698,3.835%,17054091.00,United States,1999,14112,Real Estate,Real Estate Investment Trusts
IMO,Imperial Oil Limited Common Stock,$64.55,0.29,0.451%,34588265634.00,Canada,1929,454571,,
INDO,Indonesia Energy Corporation Limited Ordinary Shares,$2.68,-0.017,-0.63%,27343220.00,,2019,48699,Energy,Oil & Gas Production
INFU,InfuSystems Holdings Inc. Common Stock,$6.36,-0.25,-3.782%,135437815.00,United States,,111121,Health Care,Medical/Dental Instruments
INLX,Intellinetics Inc. Common Stock,$6.4675,-0.6225,-8.78%,26604844.00,,2022,8735,Technology,EDP Services
INTT,inTest Corporation Common Stock,$9.52,0.05,0.528%,118901392.00,United States,1997,106285,Industrials,Electrical Products
INUV,Inuvo Inc.,$0.254,-0.002,-0.781%,35530536.00,United States,,173467,Consumer Discretionary,Advertising
IOR,Income Opportunity Realty Investors Inc. Common Stock,$16.58,0.00,0.00%,67614997.00,United States,1987,434,Real Estate,Real Estate Investment Trusts
ISDR,Issuer Direct Corporation Common Stock,$8.80,-0.17,-1.895%,33592935.00,United States,,2388,Consumer Discretionary,Publishing
ITP,IT Tech Packaging Inc. Common Stock,$0.2341,-0.0159,-6.36%,2356432.00,China,,59844,Consumer Discretionary,Containers/Packaging
ITRG,Integra Resources Corp. Common Shares,$0.9335,0.0161,1.755%,82576198.00,,,133503,Basic Materials,Precious Metals
JOB,GEE Group Inc. Common Stock,$0.303,0.0125,4.303%,32957788.00,United States,1968,418710,Consumer Discretionary,Diversified Commercial Services
JWSM,Jaws Mustang Acquisition Corp. Class A Ordinary Shares,$11.11,-0.005,-0.045%,0.00,,2021,3902,Finance,Blank Checks
KNW,Know Labs Inc. Common Stock,$0.7181,-0.1146,-13.762%,61406286.00,,2022,108527,Industrials,Industrial Machinery/Components
KULR,KULR Technology Group Inc. Common Stock,$0.365,0.0006,0.165%,66677187.00,United States,,1729514,Technology,Electrical Products
LCTX,Lineage Cell Therapeutics Inc. Common Stock,$0.9051,-0.0143,-1.555%,170881201.00,United States,,1025859,Health Care,Biotechnology: Biological Products (No Diagnostic Substances)
LEGT,Legato Merger Corp. III Ordinary Shares,$10.11,0.00,0.00%,0.00,,2024,3850,,
LEU,Centrus Energy Corp. Class A Common Stock,$41.85,0.13,0.312%,669473613.00,United States,2014,313224,Industrials,Mining & Quarrying of Nonmetallic Minerals (No Fuels)
LGL,LGL Group Inc. (The) Common Stock,$5.07,-0.13,-2.50%,27139391.00,United States,1946,5842,Technology,Industrial Machinery/Components
LODE,Comstock Inc. Common Stock,$0.18,-0.0142,-7.312%,24884113.00,United States,,2515338,Finance,Real Estate
LPA,Logistic Properties of the Americas Ordinary Shares,$16.00,-0.47,-2.854%,507355952.00,,2024,89561,Finance,Real Estate
LPTV,Loop Media Inc. Common Stock,$0.16,-0.001,-0.621%,11387798.00,United States,2022,134320,Consumer Discretionary,Professional Services
LSF,Laird Superfood Inc. Common Stock,$4.16,-0.42,-9.17%,39984023.00,,2020,198959,Consumer Staples,Packaged Foods
LXFR,Luxfer Holdings PLC Ordinary Shares,$11.26,0.11,0.987%,302242406.00,United Kingdom,2012,138248,Industrials,Major Chemicals
MAG,MAG Silver Corporation Ordinary Shares,$12.05,-0.22,-1.793%,1243150167.00,Canada,,478788,Basic Materials,Precious Metals
MAIA,MAIA Biotechnology Inc. Common Stock,$3.78,-0.17,-4.304%,82544423.00,,2022,208158,Health Care,Biotechnology: Pharmaceutical Preparations
MGLD,The Marygold Companies Inc. Common Stock,$1.38,0.0898,6.96%,54349173.00,,2022,1188,Finance,Finance: Consumer Services
MHH,Mastech Digital Inc Common Stock,$7.60,-0.05,-0.654%,88420703.00,United States,,1138,Consumer Discretionary,Professional Services
MI,NFT Limited Class A Ordinary Share,$4.87,-0.37,-7.061%,15048339.00,,2023,4680,Consumer Discretionary,Catalog/Specialty Distribution
MITQ,Moving iMage Technologies Inc. Common Stock,$0.5807,-0.0293,-4.803%,5914644.00,United States,2021,112817,Consumer Discretionary,Industrial Machinery/Components
MLSS,Milestone Scientific Inc. Common Stock,$0.7399,0.0199,2.764%,57140786.00,United States,2015,148387,Health Care,Industrial Specialties
MMA,Alta Global Group Limited Ordinary Shares,$2.9645,-0.0205,-0.687%,30438555.00,,2024,3976,Consumer Discretionary,Other Consumer Services
MPTI,M-tron Industries Inc. Common Stock,$35.02,-0.22,-0.624%,98006237.00,,2022,28854,Technology,Industrial Machinery/Components
MPU,Mega Matrix Corp. Common Stock,$2.12,0.03,1.435%,76274592.00,United States,1998,34594,Consumer Discretionary,Transportation Services
MRT,Marti Technologies Inc. Class A Ordinary Shares,$1.7867,0.0167,0.944%,101906389.00,,2021,67254,Consumer Discretionary,Rental/Leasing Companies
MSN,Emerson Radio Corporation Common Stock,$0.4975,-0.0525,-9.545%,10468719.00,United States,1994,72582,Consumer Staples,Consumer Electronics/Appliances
MTA,Metalla Royalty & Streaming Ltd. Common Shares,$2.87,-0.05,-1.712%,262580002.00,,,299145,,
MTNB,Matinas Biopharma Holdings Inc. Common Stock,$0.1592,-0.0007,-0.438%,39929933.00,United States,2017,677256,Health Care,Biotechnology: Pharmaceutical Preparations
MWG,Multi Ways Holdings Limited Ordinary Shares,$0.399,-0.0259,-6.096%,12305160.00,,2023,1359948,Consumer Discretionary,Miscellaneous manufacturing industries
MXC,Mexco Energy Corporation Common Stock,$11.0653,-0.0347,-0.313%,23213207.00,United States,2003,370,Energy,Oil & Gas Production
MYND,Mynd.ai Inc. American Depositary Shares,$2.48,-0.05,-1.976%,113206499.00,,2017,16170,Real Estate,Other Consumer Services
MYO,Myomo Inc. Common Stock,$3.32,-0.06,-1.775%,95664595.00,United States,2017,111149,Health Care,Industrial Specialties
NAK,Northern Dynasty Minerals Ltd. Common Stock,$0.278,-0.006,-2.113%,149696887.00,Canada,,515953,,
NBH,Neuberger Berman Municipal Fund Inc. Common Stock,$10.56,0.06,0.571%,0.00,United States,2002,92419,Finance,Finance/Investors Services
NBY,NovaBay Pharmaceuticals Inc. Common Stock,$2.57,0.06,2.39%,2959908.00,United States,2007,834486,Health Care,Biotechnology: Pharmaceutical Preparations
NCL,Northann Corp. Common Stock,$0.2391,-0.0159,-6.235%,5556684.00,,2023,275433,Industrials,Plastic Products
NEN,New England Realty Associates Limited Partnership Class A Depositary Receipts Evidencing Units of Limited Partnership,$70.76,0.00,0.00%,8212830.00,United States,,6,Finance,Real Estate
NEWP,New Pacific Metals Corp. Common Shares,$1.65,-0.04,-2.367%,282586620.00,,2021,299336,,
NFGC,New Found Gold Corp Common Shares,$3.16,0.02,0.637%,604664448.00,,2021,291814,Basic Materials,Precious Metals
NG,Novagold Resources Inc.,$3.21,-0.29,-8.286%,1073331626.00,Canada,2003,1789903,Basic Materials,Precious Metals
NGD,New Gold Inc.,$1.92,-0.05,-2.538%,1316352000.00,Canada,,6055028,Basic Materials,Metal Mining
NHC,National HealthCare Corporation Common Stock,$104.92,1.72,1.667%,1615739042.00,United States,1986,38105,Health Care,Hospital/Nursing Management
NHS,Neuberger Berman High Yield Strategies Fund,$8.00,-0.02,-0.249%,0.00,United States,,78888,Finance,Trusts Except Educational Religious and Charitable
NML,Neuberger Berman Energy Infrastructure and Income Fund Inc. Common Stock,$7.61,-0.07,-0.911%,0.00,,2013,264888,Finance,Finance/Investors Services
NNVC,NanoViricides Inc. Common Stock,$1.90,0.00,0.00%,22446600.00,United States,,233305,Health Care,Biotechnology: Pharmaceutical Preparations
NRO,Neuberger Berman Real Estate Securities Income Fund Inc.,$3.26,-0.08,-2.395%,0.00,United States,2003,132631,Finance,Finance/Investors Services
NRXS,Neuraxis Inc. Common Stock,$2.79,-0.18,-6.061%,18547808.00,,2023,12948,Health Care,Biotechnology: Electromedical & Electrotherapeutic Apparatus
NTIP,Network-1 Technologies Inc. Common Stock,$1.62,-0.02,-1.22%,37931446.00,United States,,8573,Miscellaneous,Multi-Sector Companies
OBE,Obsidian Energy Ltd. Common Shares,$7.06,-0.02,-0.282%,540703973.00,Canada,2022,236369,Energy,Oil & Gas Production
OGEN,Oragenics Inc. Common Stock,$1.62,-0.02,-1.22%,7258723.00,United States,,11835,Health Care,Biotechnology: Pharmaceutical Preparations
OPTT,Ocean Power Technologies Inc. Common Stock,$0.1311,-0.0053,-3.886%,7795674.00,United States,2007,2416436,Utilities,Electric Utilities: Central
ORLA,Orla Mining Ltd. Common Shares,$3.85,-0.08,-2.036%,1225298879.00,,2020,349630,Basic Materials,Precious Metals
OZ,Belpointe PREP LLC Class A Units,$57.01,-1.24,-2.129%,212744445.00,,,3818,Real Estate,Real Estate Investment Trusts
PAPL,Pineapple Financial Inc. Common Stock,$0.9622,-0.0778,-7.481%,6910500.00,,2023,51295,Finance,Finance: Consumer Services
PCG^A,Pacific Gas & Electric Co. 6% Preferred Stock,$23.08,-0.06,-0.259%,,United States,,5786,,
PCG^B,Pacific Gas & Electric Co. 5 1/2% Preferred Stock,$20.40,0.31,1.543%,,United States,,1014,,
PCG^C,Pacific Gas & Electric Co. 5% 1st Preferred Stock,$18.90,0.15,0.80%,,United States,,1038,,
PCG^D,Pacific Gas & Electric Co. 5% 1st  Red. Preferred Stock,$18.70,0.36,1.963%,,United States,,6046,,
PCG^E,Pacific Gas & Electric Co. 5% 1st A Preferred Stock,$18.8228,0.2228,1.198%,,United States,,310,,
PCG^G,Pacific Gas & Electric Co. 4.80% 1st Preferred Stock,$17.15,0.00,0.00%,,United States,,30,,
PCG^H,Pacific Gas & Electric Co. 4.50% 1st Preferred Stock,$17.4999,0.00,0.00%,,United States,,16,,
PCG^I,Pacific Gas & Electric Co. 4.36% 1st Preferred Stock,$16.15,0.00,0.00%,,United States,,56,,
PED,Pedevco Corp. Common Stock,$0.88,-0.004,-0.452%,78632635.00,United States,,30632,Energy,Oil & Gas Production
PHGE,BiomX Inc. COmmon Stock,$0.33,-0.01,-2.941%,23036125.00,,2019,134610,Health Care,Biotechnology: Pharmaceutical Preparations
PLAG,Planet Green Holdings Corp. Common Stock,$1.60,-0.05,-3.03%,11533109.00,China,,3708,Consumer Staples,Packaged Foods
PLG,Platinum Group Metals Ltd. Ordinary Shares (Canada),$1.70,0.03,1.796%,174216252.00,Canada,,422233,Basic Materials,Precious Metals
PLX,Protalix BioTherapeutics Inc. (DE) Common Stock,$1.11,-0.03,-2.632%,81380853.00,Israel,,780598,Health Care,Biotechnology: Biological Products (No Diagnostic Substances)
PMNT,Perfect Moment Ltd. Common Stock,$2.40,-0.26,-9.774%,37568278.00,United Kingdom,2024,7105,,
PRK,Park National Corporation Common Stock,$135.86,1.60,1.192%,2194074195.00,United States,1994,31379,Finance,Major Banks
PTN,Palatin Technologies Inc. Common Stock,$1.82,-0.002,-0.11%,29368685.00,United States,1999,66366,Health Care,Biotechnology: Pharmaceutical Preparations
PW,Power REIT (MD) Common Stock,$0.65,-0.0627,-8.798%,2203280.00,United States,1998,67282,Real Estate,Real Estate Investment Trusts
PW^A,Power REIT 7.75% Series A Cumulative Perpetual Preferred Stock,$2.82,0.01,0.356%,,United States,,694,,
PZG,Paramount Gold Nevada Corp. Common Stock,$0.44,-0.0109,-2.417%,27996501.00,United States,2015,165099,Basic Materials,Precious Metals
RCG,RENN Fund Inc Common Stock,$1.67,-0.05,-2.907%,0.00,United States,,12074,Finance,Investment Managers
REI,Ring Energy Inc. Common Stock,$1.61,-0.01,-0.617%,318679295.00,United States,,1344570,Energy,Oil & Gas Production
REPX,Riley Exploration Permian Inc. Common Stock,$27.04,0.47,1.769%,582544298.00,United States,1999,102070,Energy,Oil & Gas Production
RHE,Regional Health Properties Inc. Common Stock,$2.21,-0.0757,-3.312%,4064252.00,,2017,5336,Real Estate,Real Estate
RHE^A,Regional Health Properties Inc. 10.875% Series A Cumulative Redeemable Preferred Stock,$0.56,-0.13,-18.841%,,,,1307,,
RLGT,Radiant Logistics Inc. Common Stock,$5.29,0.06,1.147%,248641326.00,United States,,60926,Consumer Discretionary,Oil Refining/Marketing
RVP,Retractable Technologies Inc. Common Stock,$1.14,0.00,0.00%,34128361.00,United States,2001,95269,Health Care,Medical/Dental Instruments
RYDE,Ryde Group Ltd. Class A Ordinary Shares,$4.77,-0.60,-11.173%,92453433.00,,2024,336274,Consumer Discretionary,Business Services
SACC,Sachem Capital Corp. 6.875% Notes due 2024,$24.62,0.00,0.00%,1168121776.00,United States,2019,16382,Real Estate,Real Estate Investment Trusts
SACH,Sachem Capital Corp. Common Shares,$2.78,-0.01,-0.358%,131900022.00,United States,2017,326153,Real Estate,Real Estate Investment Trusts
SACH^A,Sachem Capital Corp. 7.75% Series A Cumulative Redeemable Preferred Stock,$22.51,0.02,0.089%,,United States,,6845,,
SATX,SatixFy Communications Ltd. Ordinary Share,$0.6101,0.0001,0.016%,50707969.00,,2022,306086,Technology,Radio And Television Broadcasting And Communications Equipment
SBEV,Splash Beverage Group Inc. (NV) Common Stock,$0.2284,-0.0014,-0.609%,10884650.00,,2021,391948,Consumer Staples,Beverages (Production/Distribution)
SCCB,Sachem Capital Corp. 7.125% Notes due 2024,$24.94,0.00,0.00%,1183304512.00,United States,2019,13072,Real Estate,Real Estate Investment Trusts
SCCC,Sachem Capital Corp. 7.75% Notes due 2025,$24.71,0.26,1.063%,1172391920.00,United States,2020,1899,Real Estate,Real Estate Investment Trusts
SCCD,Sachem Capital Corp. 6.00% Notes due 2026,$21.685,-0.145,-0.664%,1028867616.00,United States,,6516,Real Estate,Real Estate Investment Trusts
SCCE,Sachem Capital Corp. 6.00% Notes due 2027,$21.4201,-0.3799,-1.743%,1016299157.00,United States,2022,10814,Real Estate,Real Estate Investment Trusts
SCCF,Sachem Capital Corp. 7.125% Notes due 2027,$22.47,-0.0099,-0.044%,1066112766.00,United States,2022,3247,Real Estate,Real Estate Investment Trusts
SCCG,Sachem Capital Corp. 8.00% Notes due 2027,$23.38,-0.10,-0.426%,1109288672.00,United States,2022,2216,Real Estate,Real Estate Investment Trusts
SDPI,Superior Drilling Products Inc. Common Stock,$1.18,0.00,0.00%,35861668.00,,2014,27323,Industrials,Metal Fabrications
SEB,Seaboard Corporation Common Stock,$3068.00,-24.93,-0.806%,2979196740.00,United States,1996,2248,Industrials,Farming/Seeds/Milling
SENS,Senseonics Holdings Inc. Common Stock,$0.38,-0.0114,-2.913%,201736840.00,United States,,3081310,Industrials,Industrial Machinery/Components
SER,Serina Therapeutics Inc. Common Stock,$12.80,1.79,16.258%,107697779.00,,2018,19846,Health Care,Biotechnology: Pharmaceutical Preparations
SGE,Strong Global Entertainment Inc. Class A Common Voting Shares,$1.43,-0.115,-7.443%,11265314.00,,2023,8363,,
SGN,Signing Day Sports Inc. Common Stock,$0.2805,-0.0128,-4.364%,4314554.00,,2023,92188,Technology,EDP Services
SIF,SIFCO Industries Inc. Common Stock,$3.17,0.03,0.955%,19621400.00,United States,1969,5491,Industrials,Office Equipment/Supplies/Services
SILV,SilverCrest Metals Inc. Common Shares,$8.04,-0.08,-0.985%,1183974999.00,Canada,2018,1200206,Basic Materials,Precious Metals
SIM,Grupo Simec S.A.B. de C.V. American Depositary Shares,$30.00,0.00,0.00%,4621358880.00,Mexico,1998,79,Industrials,Steel/Iron Ore
SKYH,Sky Harbour Group Corporation Class A Common Stock,$9.60,0.36,3.896%,640178918.00,United States,2022,59535,Finance,Real Estate
SLI,Standard Lithium Ltd. Common Shares,$1.35,0.00,0.00%,233350466.00,Canada,2021,805749,Industrials,Major Chemicals
SLND,Southland Holdings Inc. Common Stock,$5.50,0.12,2.23%,264141284.00,United States,,27429,Industrials,Military/Government/Technical
SLSR,Solaris Resources Inc. Common Shares,$2.91,-0.17,-5.519%,438917159.00,,2024,41856,,
SOAR,Volato Group Inc. Class A Common Stock,$0.66,-0.01,-1.493%,19310337.00,,2022,1593581,Consumer Discretionary,Transportation Services
SSY,SunLink Health Systems Inc. Common Stock,$0.7401,0.0001,0.014%,5210750.00,United States,1996,1362,Health Care,Hospital/Nursing Management
STRW,Strawberry Fields REIT Inc. Common Stock,$10.93,-0.04,-0.365%,70346879.00,,2023,17672,Real Estate,Real Estate Investment Trusts
STXS,Stereotaxis Inc. Common Stock,$1.87,0.01,0.538%,154542864.00,United States,,210660,Health Care,Biotechnology: Electromedical & Electrotherapeutic Apparatus
SVM,Silvercorp Metals Inc. Common Shares,$3.40,-0.08,-2.299%,603902417.00,Canada,,1041597,,
SVT,Servotronics Inc. Common Stock,$12.075,0.275,2.331%,30775226.00,United States,1970,2346,Consumer Discretionary,Industrial Machinery/Components
SYNX,Silynxcom Ltd. Ordinary Shares,$3.2241,0.6341,24.483%,16926525.00,,2024,93885,Consumer Staples,Consumer Electronics/Appliances
TELL,Tellurian Inc. Common Stock,$0.6285,-0.073,-10.406%,525568499.00,United States,,40738291,Finance,Investment Bankers/Brokers/Service
TELZ,Tellurian Inc. 8.25% Senior Notes due 2028,$16.80,0.10,0.599%,14048609047.00,United States,,13481,Energy,Oil & Gas Production
TGB,Taseko Mines Ltd. Common Stock,$2.50,0.18,7.759%,728745658.00,Canada,,6638332,Basic Materials,Precious Metals
THM,International Tower Hill Mines Ltd. Ordinary Shares (Canada),$0.5367,-0.0008,-0.149%,107175470.00,Canada,,57739,,
TMP,Tompkins Financial Corporation Common Stock,$44.92,0.89,2.021%,647049511.00,United States,1997,59280,Finance,Major Banks
TMQ,Trilogy Metals Inc. Common Stock,$0.46,0.0095,2.109%,73676722.00,Canada,,65495,Basic Materials,Precious Metals
TOON,Kartoon Studios Inc. Common Stock,$1.01,-0.02,-1.942%,39781375.00,United States,,84787,Consumer Discretionary,Movies/Entertainment
TOPS,TOP Ships Inc. Common Stock,$11.96,-0.29,-2.367%,55329316.00,Greece,,8723,Consumer Discretionary,Marine Transportation
TOVX,Theriva Biologics Inc. Common Stock,$0.2475,-0.0095,-3.696%,4276149.00,United States,,63637,Health Care,Biotechnology: Pharmaceutical Preparations
TPET,Trio Petroleum Corp. Common Stock,$0.3019,-0.0081,-2.613%,11143679.00,,2023,2070312,Energy,Oil & Gas Production
TPHS,Trinity Place Holdings Inc. Common Stock,$0.128,-0.0073,-5.395%,8197949.00,,,1904389,Real Estate,Building operators
TRT,Trio-Tech International Common Stock,$6.25,-0.0299,-0.476%,26564406.00,United States,1998,5012,Technology,Industrial Machinery/Components
TRX,TRX Gold Corporation Common Stock,$0.408,-0.0144,-3.409%,113869019.00,Canada,,408483,Basic Materials,Precious Metals
UAMY,United States Antimony Corporation Common Stock,$0.3657,0.0005,0.137%,39656136.00,United States,,250826,,
UAVS,AgEagle Aerial Systems Inc. Common Stock,$0.5273,-0.0936,-15.075%,6296714.00,United States,,753360,Industrials,Aerospace
UEC,Uranium Energy Corp. Common Stock,$6.06,0.02,0.331%,2477196807.00,Canada,,5222757,Basic Materials,Other Metals and Minerals
UMAC,Unusual Machines Inc. Common Stock,$1.49,0.01,0.676%,13906678.00,,2024,47392,Technology,Radio And Television Broadcasting And Communications Equipment
URG,Ur Energy Inc Common Shares (Canada),$1.45,-0.03,-2.027%,408358170.00,Canada,,2952341,Basic Materials,Precious Metals
USAS,Americas Gold and Silver Corporation Common Shares no par value,$0.2689,-0.0034,-1.249%,67499259.00,Canada,2017,395305,Basic Materials,Metal Mining
UTG,Reaves Utility Income Fund Common Shares of Beneficial Interest,$27.64,-0.56,-1.986%,0.00,United States,2004,380268,Finance,Investment Managers
UUU,Universal Security Instruments Inc. Common Stock,$1.59,-0.02,-1.242%,3677490.00,United States,2003,11734,Technology,Electronic Components
UUUU,Energy Fuels Inc Ordinary Shares (Canada),$5.99,-0.03,-0.498%,980274863.00,Canada,,1938414,,
VCXB,10X Capital Venture Acquisition Corp. III Class A Ordinary Shares,$10.99,0.00,0.00%,167148998.00,,2022,86,Finance,Blank Checks
VFL,abrdn National Municipal Income Fund Common Stock,$10.50,-0.015,-0.143%,0.00,United States,1993,63776,Finance,Finance/Investors Services
VGZ,Vista Gold Corp Common Stock,$0.4686,-0.0001,-0.021%,57053945.00,United States,1986,183538,,
VINE,Fresh Vine Wine Inc. Common Stock,$0.447,0.0067,1.522%,7141373.00,,2021,94341,Consumer Staples,Beverages (Production/Distribution)
VKI,Invesco Advantage Municipal Income Trust II Common Shares of Beneficial Interest (DE),$8.87,-0.01,-0.113%,393881397.00,United States,1993,162702,Finance,Finance Companies
VNRX,VolitionRX Limited Common Stock,$0.689,-0.019,-2.684%,57059618.00,Singapore,2015,65330,Health Care,Biotechnology: Biological Products (No Diagnostic Substances)
VTAK,Catheter Precision Inc. Common Stock,$0.52,-0.0225,-4.147%,3938170.00,,2018,200897,Health Care,Medical/Dental Instruments
VZLA,Vizsla Silver Corp. Common Shares,$1.65,-0.01,-0.602%,387909646.00,Canada,2022,907658,Basic Materials,Precious Metals
WRN,Western Copper and Gold Corporation Common Stock,$1.23,0.01,0.82%,241337831.00,Canada,2011,123305,Basic Materials,Metal Mining
WWR,Westwater Resources Inc. Common Stock,$0.4874,-0.0046,-0.935%,27872888.00,United States,,138899,Basic Materials,Other Metals and Minerals
WYY,WidePoint Corporation Common Stock,$2.97,-0.05,-1.656%,27655930.00,United States,,19253,Technology,EDP Services
XPL,Solitario Resources Corp. Common Stock,$0.8087,-0.0213,-2.566%,65737336.00,United States,,115297,Basic Materials,Precious Metals
XTNT,Xtant Medical Holdings Inc. Common Stock,$0.75,-0.001,-0.133%,97662406.00,United States,,7293,Health Care,Biotechnology: Biological Products (No Diagnostic Substances)
YCBD,cbdMD Inc. Common Stock,$0.635,-0.014,-2.157%,2456867.00,United States,2017,4634,Consumer Discretionary,Package Goods/Cosmetics
YCBD^A,cbdMD Inc. 8.0% Series A Cumulative Convertible Preferred Stock,$0.5878,-0.0002,-0.034%,,United States,,1200,,
ZDGE,Zedge Inc. Class B Common Stock ,$2.68,-0.29,-9.764%,38781849.00,,2016,89314,Technology,Computer Software: Prepackaged Software
ZOM,Zomedica Corp. Common Shares,$0.1487,-0.0023,-1.523%,145718516.00,United States,2017,2332393,Health Care,Pharmaceuticals and Biotechnology
ZONE,CleanCore Solutions Inc. Class B Common Stock,$2.7056,-0.2344,-7.973%,21525534.00,,2024,1562,Industrials,Industrial Machinery/Components
